Brand,Model,Service Category,Specific Service,Price
OnePlus,OnePlus 8T,OnePlus Skjermbytte,Skjermbytte,3799kr
OnePlus,OnePlus 8 Pro,OnePlus Skjermbytte,Skjermbytte,4799kr
OnePlus,OnePlus Nord,OnePlus Skjermbytte,Skjermbytte,2399kr
OnePlus,OnePlus 7T Pro,OnePlus Skjermbytte,Skjermbytte,4499kr
OnePlus,OnePlus 7T,OnePlus Skjermbytte,Skjermbytte,4399kr
OnePlus,OnePlus 7 Pro,OnePlus Skjermbytte,Skjermbytte,4499kr
OnePlus,OnePlus 7,OnePlus Skjermbytte,Skjermbytte,4399kr
OnePlus,OnePlus 6T,OnePlus Skjermbytte,Skjermbytte,2099kr
OnePlus,OnePlus 6,OnePlus Skjermbytte,Skjermbytte,2099kr
OnePlus,OnePlus 5T,OnePlus Skjermbytte,Skjermbytte,1599kr
OnePlus,OnePlus 5,OnePlus Skjermbytte,Skjermbytte,1599kr
OnePlus,OnePlus 3T,OnePlus Skjermbytte,Skjermbytte,1499kr
OnePlus,OnePlus 3T Hvit,OnePlus Skjermbytte,Skjermbytte,1499kr
OnePlus,OnePlus 3 Hvit med Ramme,OnePlus Skjermbytte,Skjermbytte,1599kr
OnePlus,OnePlus 3 Svart,OnePlus Skjermbytte,Skjermbytte,1399kr
OnePlus,OnePlus 3 Hvit,OnePlus Skjermbytte,Skjermbytte,1399kr
OnePlus,OnePlus X Svart,OnePlus Skjermbytte,Skjermbytte,1299kr
OnePlus,OnePlus Two,OnePlus Skjermbytte,Skjermbytte,1199kr
OnePlus,OnePlus One,OnePlus Skjermbytte,Skjermbytte,999kr
